id_sentencia,año,tema_principal,tipo_accionante,sujeto_especial_proteccion,edad_aproximada,representacion,tipo_entidad,sector_entidad,derecho_salud,minimo_vital,debido_proceso,seguridad_social,igualdad,existe_otro_medio_defensa,medio_es_idoneo,se_alega_perjuicio_irremediable,perjuicio_irremediable_probado,subsidiariedad_cumplida,legitimacion_activa,legitimacion_pasiva,urgencia,afecta_minimo vital,afecta_salud,caso_involucra_servicio_publico,decision_corte,procedencia_tutela,dias_desde_hecho,hay_inmediatez
t-003,2022,seguridad_social,persona_natural,0,55,agente_oficioso,economia_mixta,salud,1,1,0,1,0,1,1,0,0,0,0,1,0,0,0,1,improcedente,0,7,1
t-256,2019,seguridad_social,persona_natural,1,69,directo,privada,otro,0,1,0,1,1,1,0,1,1,1,1,1,1,1,0,1,concede,1,74,1
t-056,2013,seguridad_social,persona_natural,0,,apoderado,publica,otro,0,1,0,1,0,1,0,0,0,1,1,1,0,0,0,0,niega,1,,0
t-852,2012,seguridad_social,persona_natural,1,65,apoderado,publica,otro,0,1,1,1,0,1,1,1,0,0,1,1,0,0,0,1,improcedente,0,,0
t-608,2016,seguridad_social,persona_natural,1,50,apoderado,publica,pensiones,1,1,0,1,0,1,0,1,1,0,1,1,1,1,1,1,concede,1,30,1
t-756,2011,seguridad_social,persona_natural,1,,directo,publica,otro,1,1,0,1,0,1,1,1,0,0,1,1,0,1,1,1,niega,1,245,1
t-444,2020,seguridad_social,persona_natural,1,71,apoderado,privada,educativo,0,1,1,1,1,1,1,1,1,1,1,1,1,1,0,1,concede,1,210,1
t-279,2019,seguridad_social,persona_natural,1,34,apoderado,privada,pensiones,0,1,1,1,1,1,0,1,1,1,1,1,1,1,1,1,concede,1,210,1
t-486,2025,seguridad_social,persona_natural,0,66,apoderado,publica,pensiones,0,0,1,1,0,1,1,1,0,0,1,1,0,0,0,1,improcedente,0,150,1
t-363,2024,seguridad_social,persona_natural,1,47,apoderado,privada,pensiones,0,1,1,1,0,1,1,1,0,0,1,1,0,0,0,1,improcedente,0,373,1
t-095,2025,seguridad_social,persona_natural,1,44,directo,privada,pensiones,1,1,1,1,1,1,0,1,1,1,1,1,1,1,1,1,concede,1,22,1
t-195,2023,seguridad_social,persona_natural,1,71,directo,economia_mixta,otro,0,1,1,1,0,1,1,1,0,0,1,1,0,1,0,1,improcedente,0,9490,0
t-402,2022,seguridad_social,persona_natural,1,52,apoderado,privada,otro,0,1,1,1,0,1,0,1,1,1,1,1,1,1,1,1,concede,1,139,1
t-774,2012,seguridad_social,persona_natural,0,,apoderado,privada,otro,0,0,0,1,1,1,1,1,0,0,1,1,0,0,0,1,improcedente,0,106,1
t-820,2009,seguridad_social,persona_natural,1,56,directo,privada,pensiones,0,1,0,1,0,1,1,1,1,1,1,1,1,1,0,1,improcedente,0,163,1
t-296,2016,seguridad_social,persona_natural,1,80,directo,publica,otro,1,0,1,0,0,1,0,1,1,1,1,1,1,0,1,1,concede,1,30,1
t-404,2009,seguridad_social,persona_natural,1,62,apoderado,publica,pensiones,0,1,1,1,1,1,0,1,1,1,1,1,1,1,0,1,concede,1,301,1
t-612,2010,seguridad_social,persona_natural,1,,directo,privada,salud,0,1,0,1,1,1,0,1,1,1,1,1,1,1,0,1,niega,1,240,1
t-933,2010,seguridad_social,persona_natural,0,32,directo,publica,pensiones,0,0,0,1,1,1,1,0,0,0,1,1,0,0,0,1,niega,0,,0
t-376,2025,seguridad_social,persona_natural,1,33,directo,publica,pensiones,0,1,0,1,1,1,0,1,1,1,1,1,1,1,1,1,concede,1,,1
t-022,2025,seguridad_social,persona_natural,1,59,directo,privada,otro,0,0,1,1,0,1,1,0,0,0,1,1,0,0,0,1,improcedente,0,44,1
t-095,2025,seguridad_social,persona_natural,1,44,apoderado,privada,pensiones,0,1,0,1,1,1,0,1,1,1,1,1,1,1,1,1,concede,1,30,1
t-569,2023,seguridad_social,persona_natural,1,67,directo,privada,pensiones,0,1,1,1,0,1,1,1,0,1,1,1,0,0,1,1,improcedente,0,9,1
t-053,2018,seguridad_social,persona_natural,1,71,apoderado,publica,pensiones,0,1,0,1,0,1,0,1,1,1,1,1,1,1,1,1,concede,1,455,1
t-036,2018,seguridad_social,persona_natural,1,86,apoderado,publica,otro,0,1,0,1,0,1,0,1,1,1,1,1,1,1,1,1,niega,1,,1
t-814,2013,seguridad_social,persona_natural,1,,directo,publica,pensiones,0,1,0,1,0,1,1,1,1,1,1,1,1,1,0,1,concede,1,,1
t-405,2011,seguridad_social,persona_natural,1,71,apoderado,publica,pensiones,0,1,1,1,0,1,0,1,1,1,1,1,1,1,0,1,concede,1,64,1
t-029,2017,seguridad_social,persona_natural,1,62,directo,publica,pensiones,0,1,1,1,0,1,0,1,1,1,1,1,1,1,0,1,niega,1,32,1
t-046 ,2024,seguridad_social,persona_natural,1,,directo,economia_mixta,salud,0,0,1,1,0,1,0,1,1,1,1,1,1,1,0,1,concede,1,19,1
t-280,2010,seguridad_social,persona_natural,1,,directo,publica,otro,0,1,0,1,0,1,1,1,0,0,1,1,0,0,0,1,niega,0,747,0
t-709,2016,seguridad_social,persona_natural,1,36,directo,publica,otro,1,0,0,0,0,1,0,1,1,1,1,1,1,1,1,1,concede,1,101,1
t-537,2004,seguridad_social,persona_natural,1,42,directo,publica,otro,1,0,0,1,0,1,1,1,0,0,1,1,1,0,1,1,niega,1,399,1
t-037,2011,seguridad_social,persona_natural,1,75,directo,publica,pensiones,0,1,1,1,0,1,0,1,0,1,1,1,0,1,0,1,concede,1,90,1
t-330,1994,seguridad_social,persona_natural,1,,directo,publica,otro,1,0,0,0,0,1,1,1,0,0,1,1,0,1,1,1,niega,1,347,1
t-158,2024,seguridad_social,persona_natural,0,,directo,privada,salud,0,1,0,0,0,1,0,1,0,1,1,1,0,1,0,1,concede,1,120,1
t-218,2023,seguridad_social,persona_natural,1,71,directo,publica,judicial,1,1,0,0,1,1,1,1,0,0,1,1,0,1,0,1,improcedente,0,42,1
t-319,2022,seguridad_social,persona_natural,1,,directo,privada,otro,1,1,0,1,0,1,1,1,0,0,1,1,0,0,1,1,improcedente,0,43,1
t-469,2022,seguridad_social,persona_natural,1,86,directo,publica,pensiones,0,1,0,1,0,1,0,1,0,1,1,1,0,0,1,0,niega,1,,1
t-1037,2007,seguridad_social,persona_natural,0,,directo,publica,otro,0,0,0,1,1,1,1,1,0,0,1,1,0,0,1,1,improcedente,0,,0
t-440,2024,seguridad_social,persona_natural,0,33,directo,publica,otro,0,1,1,1,1,1,1,1,0,1,1,1,0,0,0,1,concede,1,27,1
t-200A,2018,seguridad_social,persona_natural,1,56,directo,publica,pensiones,0,0,1,1,1,1,0,1,1,1,1,1,1,1,1,1,concede,1,120,1
t-153,2016,seguridad_social,persona_natural,1,44,apoderado,privada,otro,0,1,0,1,0,1,1,1,1,1,1,1,1,1,1,1,concede,1,132,1
t-433,2015,seguridad_social,persona_natural,1,74,apoderado,publica,otro,1,1,0,1,0,1,0,1,1,1,1,1,1,1,1,1,concede,1,59,1
t-481,2018,seguridad_social,persona_natural,1,82,apoderado,publica,pensiones,0,0,0,1,0,1,0,1,1,1,1,1,1,1,1,1,niega,1,53,1
t-009,2019,seguridad_social,persona_natural,1,70,apoderado,privada,pensiones,0,1,0,1,0,1,0,1,1,1,1,1,1,1,1,1,concede,1,,1
t-556,1996,seguridad_social,persona_natural,0,,directo,economia_mixta,otro,0,0,0,1,0,1,1,1,0,0,1,1,0,0,0,1,improcedente,0,,0
t-251,2021,seguridad_social,persona_natural,1,68,agente_oficioso,publica,pensiones,0,1,0,1,0,1,0,1,0,1,1,1,1,1,1,1,concede,1,14,1
t-301,2021,seguridad_social,persona_natural,1,50,directo,economia_mixta,salud,0,0,0,1,1,1,0,1,1,1,1,1,1,1,1,1,improcedente,0,133,1
t-577,2012,seguridad_social,persona_natural,1,54,directo,privada,otro,0,0,0,1,0,1,0,1,1,1,1,1,1,1,1,1,concede,1,65,1
t-323,2018,seguridad_social,persona_natural,1,59,apoderado,publica,pensiones,0,1,0,1,0,1,0,1,1,1,1,1,1,1,1,1,concede,1,,1
t-093,2013,seguridad_social,persona_natural,1,80,directo,publica,pensiones,0,1,0,1,1,1,0,1,1,1,1,1,1,1,0,1,niega,1,,1
t-040,2019,seguridad_social,persona_natural,1,46,apoderado,publica,pensiones,1,1,0,1,1,1,0,1,0,1,1,1,1,1,1,1,concede,1,166,1
t-1129,2001,seguridad_social,persona_natural,1,,agente_oficioso,privada,salud,0,0,0,1,0,1,1,1,0,0,1,0,0,1,1,1,niega,1,205,1
t-884,2003,seguridad_social,persona_natural,1,,directo,publica,administrativo,1,0,0,1,0,1,1,1,0,0,1,1,0,1,1,1,improcedente,0,,0
t-009,2025,seguridad_social,persona_natural,1,51,directo,privada,salud,1,1,0,1,0,0,0,1,1,1,1,1,1,1,1,1,concede,1,240,1
t-941,2011,seguridad_social,persona_natural,0,67,directo,publica,otro,0,0,0,1,0,1,1,1,0,0,1,1,0,0,0,1,improcedente,0,300,0
t-455,2017,seguridad_social,persona_natural,0,,directo,publica,otro,0,1,0,0,0,1,1,1,0,0,1,1,0,1,0,1,niega,1,2,1
t-023,2026,seguridad_social,persona_natural,1,17,apoderado,publica ,otro,0,1,0,1,0,1,0,1,1,1,1,1,1,1,1,1,concede,1,210,1
t-904,2005,seguridad_social,persona_natural,1,,directo,privada,salud,1,0,0,1,0,0,0,1,0,1,1,1,1,1,1,1,improcedente,0,153,1
t-516,2023,seguridad_social,persona_natural,1,36,agente_oficioso,privada,pensiones,0,1,0,1,0,1,0,1,1,1,1,1,1,1,1,1,concede,1,60,1
t-144,2021,seguridad_social,persona_natural,1,,directo,privada,pensiones,0,1,1,0,1,1,0,1,1,1,1,1,1,1,0,1,niega,1,180,1
t-266,2023,seguridad_social,persona_natural,1,61,directo,publica,pensiones,0,0,1,1,0,1,0,1,0,1,1,1,0,1,1,1,concede,1,,1
t-293,2021,seguridad_social,persona_natural,0,60,directo,privada,pensiones,0,1,0,1,0,1,0,1,0,1,1,1,0,0,0,1,concede,1,,1
t-301,2021,seguridad_social,persona_natural,1,50,directo,economia_mixta,salud,0,0,0,1,1,1,1,1,0,0,1,1,0,0,0,1,improcedente,0,,1
t-960,2008,seguridad_social,persona_natural,1,,agente_oficioso,privada,salud,1,0,0,1,0,1,1,1,0,0,1,1,0,1,0,1,niega,1,,0
t-192,2019,seguridad_social,persona_natural,0,40,agente_oficioso,privada,salud,0,0,0,1,0,1,0,1,0,1,1,1,1,1,1,1,concede,1,,1
t-354,2018,seguridad_social,persona_natural,1,50,directo,privada,pensiones,1,1,0,1,0,1,0,1,0,1,1,1,1,1,1,1,concede,1,,1
t-451,1998,seguridad_social,persona_natural,0,,apoderado,privada,otro,1,0,0,1,0,1,1,1,0,0,1,1,0,1,1,1,niega,0,187,0
t-148,2019,seguridad_social,persona_natural,1,71,agente_oficioso,publica,pensiones,0,1,1,1,0,1,0,1,0,1,1,1,0,0,0,1,concede,1,90,1
t-003,2020,seguridad_social,persona_natural,0,,directo,privada,otro,0,0,0,1,1,1,0,1,0,1,1,1,0,0,0,1,concede,1,21,1
t-510,2024,salud,persona_natural,1,,agente_oficioso,publica,salud,1,0,0,0,0,1,0,1,1,1,1,1,1,0,1,1,concede,1,14,1
t-124,2019,salud,persona_natural,1,68,directo,privada,salud,1,0,0,0,0,1,1,1,0,1,1,1,0,0,1,1,improcedente,0,5,1
t-155,2024,salud,persona_natural,1,57,directo,privada,salud,1,0,0,0,0,0,0,1,1,1,1,1,1,0,1,1,concede,1,274,1
t-1237,2008,salud,persona_natural,1,26,directo,publica,salud,1,0,0,1,0,1,1,1,0,0,1,1,0,1,1,1,improcedente,0,2,0
t-308,2025,salud,persona_natural,1,,apoderado,publica,administrativo,1,0,0,0,0,0,0,1,1,1,1,1,1,0,1,1,concede,1,120,1
t-042,2013,salud,persona_natural,1,28,directo,privada,salud,1,0,0,1,0,0,0,1,1,1,1,1,1,1,0,1,niega,1,32,1
t-425,2013,salud,persona_natural,1,5,representante_legal,privada,salud,1,0,0,0,0,1,0,1,1,1,1,1,1,0,1,1,concede,1,,1
t-873,2007,salud,persona_natural,0,,directo,privada,salud,1,0,1,0,0,1,0,1,1,1,1,1,1,0,1,1,concede,1,,1
t-688,2006,salud,persona_natural,1,76,directo,privada,salud,1,0,0,1,0,1,0,1,1,1,1,1,1,1,1,1,concede,1,,1
t-001,2021,salud,persona_natural,1,21,agente_oficioso,privada,salud,1,0,0,0,0,1,0,1,1,1,1,1,1,1,1,1,concede,1,107,1
t-392,2023,salud,persona_natural,1,31,directo,publica,salud,1,0,0,0,0,1,0,1,1,1,1,1,1,0,1,1,concede,1,1,1
t-906,2004,salud,persona_natural,1,,agente_oficioso,privada,salud,1,0,0,1,0,1,0,1,1,1,1,1,1,0,1,1,concede,1,,1
t-186,2005,salud,persona_natural,1,,agente_oficioso,publica,salud,1,0,0,0,0,1,0,1,1,1,1,1,1,0,1,1,niega,1,,1
t-573,2001,salud,persona_natural,1,,agente_oficioso,privada,pensiones,1,0,0,1,0,0,0,1,1,0,0,1,0,1,1,1,improcedente,0,254,1
t-319,2023,salud,persona_natural,0,34,directo,,,1,1,0,0,0,1,1,1,0,0,1,1,0,0,0,1,improcedente,0,8,1
t-867,2006,salud,persona_natural,1,26,directo,privada,salud,1,0,0,0,0,1,1,1,0,0,1,1,0,1,1,1,niega,1,273,1
t-1057,2008,salud,persona_natural,1,66,directo,privada,salud,1,0,0,0,0,1,0,1,1,0,1,1,1,0,1,1,niega,1,231,1
t-1057,2008,salud,persona_natural,1,33,directo,privada,salud,1,0,0,0,0,0,0,1,1,0,1,1,1,1,1,1,niega,1,349,1
t-1274,2001,salud,persona_natural,1,,directo,publica,salud,1,0,0,1,0,0,0,1,0,0,1,1,0,1,1,1,niega,1,204,1
t-421,2020,salud,persona_natural,1,26,directo,publica,salud,0,0,0,1,0,0,0,1,1,1,1,1,1,1,1,1,concede,1,118,1
t-519,2019,salud,persona_natural,1,,directo,privada,salud,1,0,0,1,0,1,0,1,1,1,1,1,1,1,1,1,concede,1,49,1
t-519,2019,salud,persona_natural,0,53,directo,privada,salud,1,0,0,0,0,1,1,1,0,1,1,1,0,0,1,1,niega,1,375,1
t-565,2023,salud,persona_natural,1,25,directo,publica,otro,1,0,0,0,0,1,1,1,0,0,1,1,0,1,1,1,improcedente,0,153,1
t-558,2023,salud,persona_natural,1,8,agente_oficioso,privada,otro,1,0,0,0,0,0,0,1,1,1,1,1,1,1,1,1,concede,1,60,1
t-185,2024,salud,persona_natural,1,81,directo,privada,salud,1,0,0,0,0,1,0,1,1,1,1,1,1,1,1,1,concede,1,,1
t-453,2025,salud,persona_natural,1,24,agente_oficioso,privada,salud,1,0,0,0,0,1,0,1,1,1,1,1,1,1,1,1,concede,1,23,1
t-453,2025,salud,persona_natural,1,4,agente_oficioso,privada,salud,1,0,0,1,0,1,0,1,1,1,1,1,1,0,1,1,concede,1,7,1
t-935,2010,salud,persona_natural,0,33,directo,privada,salud,1,0,0,1,0,1,0,1,0,0,1,1,0,0,1,1,niega,0,295,1
t-057,2012,salud,persona_natural,1,63,agente_oficioso,privada,salud,1,0,0,0,0,1,0,1,1,1,1,1,1,1,1,1,concede,1,408,1
t-238,2025,salud,persona_natural,1,86,agente_oficioso,privada,salud,1,0,0,0,0,1,0,1,1,1,1,1,1,0,1,1,concede,1,6,1
t-191,2024,salud,persona_natural,1,1,representante_legal,economia_mixta,salud,1,0,0,0,0,0,0,1,1,1,1,1,1,1,1,1,concede,1,10,1
t-633,2010,salud,persona_natural,0,,directo,privada,salud,1,0,0,1,1,0,0,1,0,0,1,1,0,1,1,1,niega,1,319,1
t-633,2010,salud,persona_natural,0,,apoderado,privada,salud,1,0,0,0,1,0,0,1,0,0,1,1,0,1,1,1,niega,1,331,1
t-436,2002,salud,persona_natural,1,,directo,publica,salud,1,0,0,0,0,1,0,1,1,1,1,1,1,1,1,1,niega,1,,1
t-409,1995,salud,persona_natural,0,30,directo,publica,otro,1,0,0,0,0,1,1,1,0,0,1,1,0,0,1,1,niega,0,395,1
t-306,2006,salud,persona_natural,1,,directo,publica,salud,1,0,0,0,1,1,0,1,0,1,1,1,1,1,1,1,niega,1,,1
t-462A,2006,salud,persona_natural,1,77,directo,privada,salud,1,0,0,0,0,1,1,1,0,1,1,1,1,1,1,1,niega,1,216,1
t-242,2004,salud,persona_natural,0,40,directo,privada,salud,1,0,0,0,1,1,0,1,0,0,1,1,0,0,1,1,niega,0,254,1
t-857,2009,salud,persona_natural,0,,directo,privada,salud,1,0,0,0,0,1,0,1,0,0,1,1,0,0,1,1,niega,0,94,1
t-370,2023,salud,persona_natural,1,41,directo,,,1,0,0,0,0,1,0,1,1,1,1,1,1,0,1,1,concede,1,323,1
t-285,2024,salud,persona_natural,1,61,directo,economia_mixta,salud,1,0,0,0,0,1,0,1,1,1,1,1,1,1,1,1,concede,1,266,1
t-285,2024,salud,persona_natural,1,49,directo,economia_mixta,salud,1,0,0,0,1,1,0,1,1,1,1,1,1,1,1,1,concede,1,600,1
t-285,2024,salud,persona_natural,1,71,agente_oficioso,privada,salud,1,0,0,1,0,1,0,1,1,1,1,1,1,1,1,1,concede,1,322,1
t-285,2024,salud,persona_natural,1,70,agente_oficioso,privada,salud,1,0,0,0,0,1,0,1,1,1,1,1,1,1,1,1,concede,1,210,1
t-565,2023,salud,persona_natural,0,,directo,público,salud,1,0,0,0,0,1,1,1,0,0,1,1,0,0,1,1,improcedente,0,150,1
t-268,2023,salud,persona_natural,1,75,directo,economia_mixta,salud,1,0,0,1,0,1,0,1,1,1,1,1,1,1,1,1,concede,1,21,1
t-456,2025,salud,persona_natural,1,56,agente_oficioso,privada,salud,1,0,0,0,0,1,0,1,0,1,1,1,1,1,1,1,niega,1,120,1
t-456,2025,salud,persona_natural,1,65,directo,privada,salud,1,0,0,0,0,1,0,1,1,1,1,1,1,1,1,1,niega,1,253,1
t-017,2023,salud,persona_natural,1,24,agente_oficioso,economia_mixta,salud,1,0,0,0,0,1,0,1,1,1,1,1,1,1,1,1,concede,1,,1
t-017,2023,salud,persona_natural,1,14,representante_legal,privada,salud,1,0,0,1,0,1,0,1,1,1,1,1,1,1,1,1,concede,1,,1
t-038,2022,salud,persona_natural,1,14,representante_legal,privada,salud,1,0,0,0,1,1,0,1,1,1,1,1,1,1,1,1,niega,1,28,1
t-234,2007,salud,persona_natural,1,,agente_oficioso,privada,salud,1,0,0,0,1,1,0,1,0,1,1,1,0,0,1,1,niega,1,,1
t-096,2011,salud,persona_natural,1,,representante_legal,privada,salud,1,0,0,1,0,1,0,1,1,1,1,1,1,1,1,1,concede,1,120,1
t-351,2024,salud,persona_natural,1,3,representante_legal,privada,salud,1,0,0,0,0,1,0,1,1,1,1,1,1,1,1,1,concede,1,60,1
t-351,2024,salud,persona_natural,1,76,agente_oficioso,privada,salud,1,0,0,0,0,1,0,1,1,1,1,1,1,1,1,1,concede,1,,1
t-351,2024,salud,persona_natural,1,61,directo,privada,salud,1,0,0,0,0,1,0,1,1,1,1,1,1,1,1,1,concede,1,90,1
t-351,2024,salud,persona_natural,1,66,agente_oficioso,economia_mixta,salud,1,0,0,1,1,1,0,1,1,1,1,1,1,1,1,1,concede,1,240,1
t-935,2010,salud,persona_natural,0,33,directo,privada,salud,1,0,0,1,0,1,0,1,0,0,1,1,0,0,1,1,niega,0,,1
t-941,2007,salud,persona_natural,1,65,directo,publica,otro,1,0,0,0,0,0,0,1,0,1,1,1,0,1,1,1,niega,1,,0
t-1175,2008,salud,persona_natural,1,,directo,privada,salud,1,0,0,0,1,1,0,1,0,1,1,1,0,0,1,1,niega,1,240,1
t-063,2011,salud,persona_natural,1,65,directo,privada,salud,1,0,1,0,0,1,0,1,0,1,1,1,0,0,1,1,niega,1,,1
t-202,2007,salud,persona_natural,1,72,directo,privada,salud,1,0,0,1,0,1,1,1,0,0,1,1,0,0,1,1,niega,1,,0
t-1238,2005,salud,persona_natural,1,26,agente_oficioso,privada,salud,1,0,0,1,0,1,1,1,1,1,1,1,1,1,1,1,concede,1,,1
t-337,2003,salud,persona_natural,1,,agente_oficioso,privada,salud,1,0,0,1,0,1,1,1,0,1,1,1,0,0,1,1,niega,1,130,1
t-377,2024,salud,persona_natural,1,70,directo,,salud,1,0,0,0,0,1,0,1,1,1,1,1,1,1,1,1,concede,1,,1
t-377,2024,salud,persona_natural,1,70,agente_oficioso,,salud,1,0,0,1,0,1,0,1,1,1,1,1,0,1,1,1,concede,1,,1
t-377,2024,salud,persona_natural,1,75,directo,,salud,1,0,0,1,0,1,0,1,1,1,1,1,0,1,1,1,concede,1,,1
t-004,2006,salud,persona_natural,1,67,agente_oficioso,privada,salud,1,0,0,0,0,1,0,1,0,1,1,1,0,1,1,1,niega,0,,1
t-578,2003,salud,persona_natural,1,28,directo,privada,salud,1,0,0,1,1,1,0,1,0,1,1,1,0,0,1,1,niega,0,,1
t-207,2007,salud,persona_natural,1,6,representación_legal,privada,salud,1,0,0,1,0,1,0,1,0,1,1,1,0,0,0,1,niega,0,,1
t-549,2023,salud,persona_natural,1,54,directo,economia_mixta,salud,1,0,0,0,0,1,0,1,1,1,1,1,0,1,1,1,concede,1,,1
t-461,2025,salud,persona_natural,1,73,directo,,salud,1,0,0,0,0,1,0,1,1,1,1,1,1,1,1,1,concede,1,,1
t-333,2004,salud,persona_natural,0,,directo,privada,salud,1,0,0,1,0,0,0,1,0,1,1,1,0,0,1,1,niega,1,,1
t-322,1994,salud,persona_natural,1,,directo,,salud,1,0,0,0,0,1,0,1,0,1,1,1,1,0,1,1,niega,1,,1
t-453,2003,salud,persona_natural,1,,apoderado,publica,otro,1,0,0,0,0,1,0,1,0,0,1,1,0,0,1,1,niega,1,,0
t-309,2021,salud,persona_natural,1,1,representante_legal,economia_mixta,salud,1,0,1,0,1,1,0,1,1,1,1,1,1,1,1,1,concede,1,,1
t-407,2024,salud,persona_natural,1,6,representante_legal,economia_mixta,salud,1,0,0,1,0,1,0,1,1,1,1,1,1,1,1,1,concede,1,6,1
t-407,2024,salud,persona_natural,1,52,directo,privada,salud,1,0,0,0,0,1,0,1,1,1,1,1,1,1,1,1,concede,1,,1
t-644,2001,salud,persona_natural,1,,directo,publica,otro,1,0,0,1,0,1,1,1,0,0,1,1,0,0,1,1,niega,1,,1
t-910,2005,salud,persona_natural,1,4,representante_legal,privada,salud,1,0,0,0,0,1,0,1,0,1,1,1,1,0,1,1,niega,1,,1
t-534,2023,debido_proceso,persona_natural,0,,apoderado,privada,otro,0,1,1,0,0,0,0,1,1,1,1,1,1,1,0,0,concede,1,15,1
t-564,2023,debido_proceso,persona_natural,1,25,directo,publica,,1,1,1,0,0,1,0,1,0,1,1,1,1,1,1,1,niega,1,64,1
t-564,2023,debido_proceso,persona_natural,1,35,directo,publica,otro,1,0,1,1,1,1,0,1,0,1,1,1,1,1,1,1,concede,1,88,1
t-240,2018,debido_proceso,persona_natural,1,15,representante_legal,privada,educacion,1,0,1,0,0,1,0,1,0,1,1,1,1,0,1,1,niega,1,,1
t-678,2002,debido_proceso,persona_natural,0,,apoderado,privada,otro,0,0,1,0,0,0,0,1,0,1,1,1,0,0,0,1,niega,1,,1
t-981,2011,debido_proceso,persona_natural,1,74,apoderado,publica,administrativo,0,0,1,0,1,1,0,1,1,1,1,1,1,1,0,1,concede,1,240,1
t-373,2008,debido_proceso,persona_natural,1,,apoderado,publica,pensiones,0,0,1,0,0,1,1,1,0,0,1,1,0,0,0,1,improcedente,0,30,1
t-373,2008,debido_proceso,persona_natural,1,,apoderado,publica,pensiones,0,0,1,0,0,1,1,1,0,0,1,1,0,0,0,1,improcedente,0,60,1
t-286,2013,debido_proceso,persona_natural,0,,apoderado,publica,administrativo,0,0,1,0,0,0,0,1,1,1,1,1,1,1,0,1,concede,1,4,1
t-179,1996,debido_proceso,persona_natural,1,,apoderado,publica,administrativo,0,0,1,0,0,0,0,1,0,0,1,1,0,0,0,1,niega,1,60,1
t-398,2021,debido_proceso,persona_natural,1,60,directo,publica,otro,0,0,1,0,0,1,0,1,1,1,1,1,1,1,0,1,concede,1,25,1
t-627,2016,debido_proceso,persona_natural,1,23,directo,publica,administrativo,0,1,1,0,0,1,0,1,1,1,1,1,1,1,1,1,concede,1,37,1
t-283,2018,debido_proceso,persona_natural,1,22,apoderado,publica,otro,1,0,1,0,0,1,0,1,1,1,1,1,1,1,1,1,concede,1,133,1
t-460,2007,debido_proceso,persona_natural,1,,directo,publica,pensiones,0,1,1,0,1,1,0,1,1,1,1,1,1,1,0,1,concede,1,360,1
t-140,2014,debido_proceso,persona_juridica,0,,apoderado,publica,otro,0,0,1,0,0,1,0,1,0,1,1,1,0,0,0,1,niega,1,,1
t-771,2015,debido_proceso,persona_natural,0,,directo,publica,otro,0,0,1,0,0,1,0,1,0,1,1,1,1,0,0,1,niega,1,4,1
t-413,2024,debido_proceso,persona_natural,1,43,directo,publica,administrativo,0,1,1,0,0,1,0,1,1,1,1,1,1,1,1,1,concede,1,120,1
t-760,2012,debido_proceso,persona_natural,1,,agente_oficioso,publica,otro,0,0,1,0,0,1,0,1,1,1,1,1,1,1,1,1,concede,0,,1
t-305,2024,debido_proceso,persona_natural,1,84,directo,publica,administrativo,0,0,1,0,0,1,0,1,1,1,1,1,1,1,1,1,concede,1,,1
t-375,2014,debido_proceso,persona_natural,0,,directo,publica,administrativo,0,0,1,0,0,1,0,1,1,1,1,1,1,0,0,1,concede,1,,1
t-056,2024,debido_proceso,persona_natural,1,35,directo,publica,administrativo,0,0,1,0,0,1,0,1,1,1,1,1,1,1,1,1,concede,1,158,1
t-957,2011,debido_proceso,persona_natural,0,,apoderado,publica,administrativo,0,0,1,0,0,1,0,1,1,1,1,1,1,0,0,1,concede,1,34,1
t-315,2010,debido_proceso,persona_juridica,0,,apoderado,publica,administrativo,0,0,1,0,0,1,1,1,0,0,1,1,0,0,0,1,improcedente,0,,1
t-258,2007,debido_proceso,persona_juridica,0,,apoderado,publica,otro,0,0,1,0,1,1,1,1,0,0,1,1,0,0,0,1,niega,1,,1
t-502,2008,debido_proceso,persona_natural,0,,directo,publica,otro,0,0,1,0,1,1,1,1,0,0,1,1,0,0,0,1,niega,0,,0
t-695,1996,debido_proceso,persona_natural,0,,apoderado,privada,educacion,0,0,1,0,0,0,0,1,0,1,1,1,0,0,0,1,niega,1,,1
t-565,1992,debido_proceso,persona_natural,0,35,apoderado,privada,otro,0,0,1,0,0,1,1,1,0,0,1,1,0,0,0,1,niega,0,150,0
t-718,2001,debido_proceso,persona_natural,0,,directo,publica,otro,0,0,1,0,0,1,1,1,0,0,1,1,0,0,0,1,niega,0,,1
t-967,2008,debido_proceso,persona_juridica,0,,apoderado,publica,otro,0,0,1,0,0,1,0,1,1,1,1,1,1,0,0,1,concede,1,,1
t-246,2024,debido_proceso,persona_natural,1,,directo,publica,otro,0,0,1,0,1,0,0,1,1,1,1,1,1,1,1,1,concede,1,,1
t-310,2024,debido_proceso,persona_natural,1,22,directo,publica,otro,0,0,1,0,1,1,0,1,1,1,1,1,1,1,1,1,concede,1,11,1
t-235,2024,debido_proceso,persona_natural,1,,directo,publica,administrativo,0,0,1,0,0,1,0,1,1,0,1,1,1,0,1,1,niega,1,20,1
t-435,2022,debido_proceso,persona_natural,1,,directo,publica,administrativo,0,1,1,0,0,1,0,1,0,1,1,1,0,0,0,1,niega,1,30,1
t-176,2021,debido_proceso,persona_natural,1,37,apoderado,publica,otro,0,0,1,0,0,1,0,1,1,1,1,1,1,1,0,1,niega,1,43,1
t-176,2021,debido_proceso,persona_natural,1,34,directo,publica,otro,0,0,1,0,0,1,0,1,1,1,1,1,1,1,1,1,niega,1,,1
t-376,2021,debido_proceso,persona_natural,1,71,directo,publica,otro,0,0,1,1,1,1,0,1,1,1,1,1,1,1,1,1,concede,1,,1
t-023,2026,debido_proceso,persona_natural,1,17,apoderado,publica,pensiones,0,1,1,1,0,1,1,1,1,1,1,1,1,1,1,1,concede,1,60,1
t-150,2013,debido_proceso,persona_natural,1,73,apoderado,publica,pensiones,0,0,1,1,0,1,0,1,1,1,1,1,1,1,1,1,concede,1,210,1
t-812,2011,debido_proceso,persona_natural,1,17,representante_legal,publica,educacion,0,0,1,0,1,0,0,1,1,1,1,1,1,0,0,1,niega,1,,1
t-492,2010,debido_proceso,persona_natural,1,6,representante_legal,privada,educacion,0,0,1,0,1,0,0,1,1,1,1,1,0,0,1,1,niega,1,60,1
t-209,2015,debido_proceso,persona_natural,1,50,directo,privada,pensiones,0,1,1,1,1,1,0,1,1,1,1,1,1,1,1,1,concede,1,180,1
t-473,2024,debido_proceso,persona_natural,1,74,apoderado,publica,otro,0,1,1,1,1,1,0,1,1,1,1,1,1,1,1,1,concede,1,90,1
t-499,2013,debido_proceso,persona_natural,0,,apoderado,publica,administrativo,0,0,1,0,1,1,1,1,0,0,1,1,1,0,1,1,improcedente,0,120,1
t-552,2012,debido_proceso,persona_natural,0,,directo,publica,administrativo,0,0,1,0,1,1,0,1,1,1,1,1,1,0,0,1,concede,1,30,1
t-004,2026,debido_proceso,persona_natural,1,14,agente_oficioso,publica,educacion,0,0,1,0,1,0,0,1,1,1,1,1,1,1,1,1,concede,1,,1
t-140,2010,debido_proceso,persona_natural,1,81,apoderado,publica,administrativo,0,1,1,1,1,1,0,1,1,1,1,1,1,1,1,1,concede,1,60,1
t-877,2012,debido_proceso,persona_juridica,0,,representante_legal,publica,administrativo,0,0,1,0,0,1,1,1,0,0,1,1,0,0,0,1,improcedente,0,60,1
t-178,2010,debido_proceso,persona_natural,1,,apoderado,publica,administrativo,0,0,1,0,1,1,0,1,1,1,1,1,1,1,0,1,concede,1,,1
t-275,2013,debido_proceso,persona_natural,0,,apoderado,publica,otro,0,0,1,0,0,1,1,1,0,0,1,1,0,0,0,1,improcedente,0,9,1
t-146,2010,debido_proceso,persona_natural,0,,apoderado,publica,otro,0,0,1,0,1,0,0,1,1,1,1,1,1,0,0,1,niega,1,150,1
t-259,2010,debido_proceso,persona_natural,1,,directo,publica,otro,0,0,1,0,0,0,0,1,0,1,1,1,0,0,0,1,niega,1,136,1
t-976,2012,debido_proceso,persona_natural,1,,agente_oficioso,publica,otro,0,0,1,0,0,0,0,1,1,0,1,1,1,1,1,1,concede,1,60,1
t-314,2024,debido_proceso,persona_natural,1,,directo,privada,otro,0,0,1,0,1,0,0,1,1,1,1,1,1,0,0,1,niega,1,60,1
t-132,2023,debido_proceso,persona_natural,1,,directo,,educacion,0,0,1,0,0,0,0,1,1,1,1,1,1,0,1,1,concede,1,54,1
t-515,2025,debido_proceso,persona_natural,1,61,directo,publica,otro,0,0,1,0,0,1,0,1,1,1,1,1,1,1,1,1,concede,1,,1
t-497,2020,debido_proceso,persona_natural,0,,directo,publica,otro,0,0,1,0,1,1,0,1,0,1,1,1,0,0,0,1,niega,1,60,1
t-1038,2012,debido_proceso,persona_natural,0,,apoderado,publica,otro,0,0,1,0,0,1,1,1,0,1,1,1,0,0,0,1,niega,0,105,1
t-446,2023,debido_proceso,persona_natural,1,,agente_oficioso,publica,administrativo,0,0,1,0,0,1,0,1,1,1,1,1,1,1,0,1,concede,1,300,1
t-446,2023,debido_proceso,persona_natural,1,16,representante_legal,publica,administrativo,0,0,1,0,0,1,0,1,1,1,1,1,1,1,1,1,concede,1,150,1
t-918,2014,debido_proceso,persona_natural,0,,apoderado,publica,otro,0,0,1,0,0,0,0,1,0,1,1,1,0,0,0,1,niega,0,240,0
t-604,2011,debido_proceso,persona_natural,0,,apoderado,publica,administrativo,0,0,1,0,0,1,1,1,0,0,1,1,0,0,0,1,improcedente,0,30,1
t-700,2017,debido_proceso,persona_natural,1,,directo,publica,educacion,0,0,1,0,1,0,0,1,1,1,1,1,1,1,1,1,concede,1,,1
t-234,2011,debido_proceso,persona_natural,0,67,apoderado,publica,pensiones,0,0,1,1,1,1,1,1,0,0,1,1,0,0,0,1,improcedente,0,210,1
t-587,2017,debido_proceso,persona_natural,1,11,representante_legal,publica,otro,0,0,1,0,1,0,0,1,1,1,1,1,1,0,0,1,concede,1,4,1
t-291,2013,debido_proceso,persona_natural,0,,apoderado,publica,administrativo,0,0,1,0,1,0,0,1,0,1,1,1,0,0,0,1,niega,0,90,1
t-101,2010,debido_proceso,persona_juridica,0,,representante_legal,publica,otro,0,0,1,0,1,1,1,1,0,1,1,1,1,0,0,1,concede,1,60,1
t-362,2019,debido_proceso,persona_natural,0,,directo,publica,otro,0,0,1,0,0,1,1,1,0,0,1,1,0,0,0,1,improcedente,0,,1
t-101,2016,debido_proceso,persona_natural,1,24,directo,publica,otro,0,0,1,0,1,1,0,1,1,1,1,1,1,1,1,1,concede,1,365,1
t-494,2012,debido_proceso,persona_juridica,0,,representante_legal,publica,otro,0,0,1,0,0,1,1,0,0,0,1,1,0,0,0,1,improcedente,0,,1
t-002,2019,debido_proceso,persona_natural,1,,directo,publica,administrativo,0,0,1,0,0,1,0,1,1,1,1,1,1,1,1,1,concede,1,180,1
t-156,2010,debido_proceso,persona_natural,0,,apoderado,publica,otro,0,0,1,0,0,1,1,1,0,0,1,1,0,0,0,1,niega,0,69,1
t-140,2022,igualdad,persona_juridica,0,,apoderado,publica,otro,0,0,1,0,0,1,0,1,0,1,1,1,0,0,0,1,improcedente,0,300,1
t-236,2023,igualdad,persona_natural,1,,directo,privada,otro,0,0,0,0,1,0,0,1,1,1,1,1,1,1,1,0,concede,1,60,1
t-115,2022,igualdad,persona_natural,1,24,agente_oficioso,publica,educacion,0,0,0,0,1,0,0,1,1,1,1,1,0,0,0,1,niega,1,30,1
t-249,2024,igualdad,persona_natural,1,16,representante_legal,publica,administrativo,0,0,0,0,1,0,0,1,1,1,1,1,1,0,1,1,concede,1,,1
t-315,2024,igualdad,persona_natural,1,,directo,publica,otro,0,0,1,0,1,0,0,1,0,0,1,1,0,1,0,1,improcedente,0,25,1
t-499,2002,igualdad,persona_natural,1,,representante_legal,publica,pensiones,1,0,0,0,1,0,0,1,0,1,1,1,0,0,1,1,niega,0,300,1
t-250,2024,igualdad,persona_natural,1,,directo,privada,educacion,0,0,0,0,1,0,0,1,1,1,1,1,1,0,0,1,concede,1,37,1
t-250,2024,igualdad,persona_natural,1,,apoderado,publica,educacion,0,0,0,0,1,1,0,1,1,1,1,1,1,0,0,1,concede,1,45,1
t-700,2003,igualdad,persona_natural,1,,representante_legal,publica,administrativo,0,0,0,0,1,1,0,1,1,1,1,1,1,0,0,1,concede,1,45,1
t-894,2014,igualdad,persona_natural,1,,representante_legal,publica,otro,0,1,0,0,1,1,0,1,0,1,1,1,0,1,0,1,niega,1,42,1
t-530,2002,igualdad,persona_natural,0,,directo,economia_mixta,otro,0,0,0,0,1,1,1,0,0,1,1,1,0,0,0,1,concede,1,,1
t-010,2023,igualdad,persona_natural,0,,directo,publica,otro,0,0,1,0,1,1,0,0,0,1,1,1,1,0,0,1,concede,1,15,1
t-096,2012,igualdad,persona_natural,0,,directo,publica,administrativo,0,0,0,0,1,0,0,1,0,1,1,1,0,0,0,1,niega,1,60,1
t-587,2006,igualdad,persona_natural,1,,directo,publica,administrativo,0,0,0,0,1,0,0,1,1,1,1,1,1,0,0,1,niega,1,90,1
t-1248,2008,igualdad,persona_natural,1,,representante_legal,publica,otro,1,1,0,0,1,0,0,1,1,1,1,1,1,1,1,1,concede,1,,1
t-726,2003,igualdad,persona_natural,0,,directo,publica,administrativo,0,0,0,0,1,1,0,1,0,1,1,1,0,0,0,1,niega,1,35,1
t-122,1993,igualdad,persona_natural,0,,apoderado,publica,administrativo,0,0,0,0,1,1,1,1,0,0,1,1,0,0,0,1,niega,1,90,1
t-642,2016,igualdad,persona_juridica,1,,representante_legal,publica,otro,0,0,0,0,1,1,0,0,0,1,1,1,1,0,0,1,concede,1,60,1
t-187,1993,igualdad,persona_natural,0,,directo,publica,educacion,0,0,1,0,1,0,0,0,0,1,1,1,0,0,0,1,niega,1,,1
t-064,1993,igualdad,persona_natural,1,6,representante_legal,privada,educacion,0,0,0,0,1,0,0,1,1,1,1,1,1,0,0,1,concede,1,4,1
t-036,2015,igualdad,persona_natural,1,38,directo,publica,educacion,0,1,0,0,1,1,0,1,1,1,1,1,1,1,1,1,concede,1,,1
t-612,1995,igualdad,persona_natural,1,,directo,publica,otro,0,0,0,0,1,1,1,1,0,0,1,1,0,0,0,1,niega,1,425,1
t-835,2000,igualdad,persona_natural,0,,apoderado,privada,otro,0,0,0,0,1,1,1,1,0,0,1,1,0,0,0,1,niega,0,,1
t-403,2011,igualdad,persona_natural,1,,representante_legal,publica,educacion,0,0,0,0,1,1,0,1,1,1,1,1,1,1,0,1,concede,1,19,1
t-884,2006,igualdad,persona_natural,1,,directo,publica,educacion,0,0,0,0,1,0,0,1,1,1,1,1,1,0,0,1,concede,1,,1
t-097,2006,igualdad,persona_natural,0,,directo,publica,otro,0,1,0,0,1,1,0,1,0,1,1,1,1,0,0,1,concede,1,,1
t-235,2023,igualdad,persona_juridica,0,,representante_legal,publica,otro,0,0,0,0,1,1,0,1,0,1,1,1,0,0,0,1,niega,1,120,1
t-123,1995,igualdad,persona_juridica,0,,apoderado,publica,otro,0,0,1,0,1,1,1,1,0,0,1,1,0,0,0,1,improcedente,0,120,1
t-097,2006,igualdad,persona_natural,0,,directo,publica,otro,0,1,0,0,1,1,0,1,0,1,1,1,1,0,0,1,concede,1,97,1
t-684,2000,igualdad,persona_natural,1,,representante_legal,privada,otro,1,0,0,0,1,1,1,1,0,0,1,1,0,0,0,1,niega,0,60,1
t-510,1993,igualdad,persona_natural,0,,directo,publica,administrativo,0,0,0,0,1,1,0,1,0,1,1,1,0,0,0,1,niega,0,16,1
t-441,1993,igualdad,persona_natural,1,,directo,publica,otro,0,0,0,0,1,1,0,1,1,1,1,1,1,1,1,1,concede,1,,1
t-315,2024,igualdad,persona_natural,1,,directo,publica,otro,0,0,1,0,1,1,1,1,0,0,1,1,0,1,0,1,improcedente,0,25,1
t-038,2022,igualdad,persona_natural,1,14,representante_legal,privada,salud,1,0,0,0,1,1,0,1,1,1,1,1,1,1,1,1,niega,1,30,1
t-130,2024,igualdad,persona_natural,1,,directo,publica,otro,0,0,0,0,1,0,0,1,1,1,1,1,1,0,1,1,concede,1,22,1
t-128,2022,igualdad,persona_juridica,1,,representante_legal,publica,salud,1,1,0,0,1,1,0,1,1,1,1,1,1,0,1,1,concede,1,,1
t-379,2022,igualdad,persona_natural,1,86,agente_oficioso,privada,otro,0,1,1,0,1,1,1,1,0,0,1,1,0,0,0,0,improcedente,0,7,1
t-382,2023,igualdad,persona_natural,1,71,directo,privada,otro,0,1,1,0,1,1,1,1,1,1,1,1,1,1,1,0,concede,1,,1
t-382,2023,igualdad,persona_natural,1,48,directo,publica,otro,0,1,1,0,1,1,1,1,1,1,1,1,1,1,1,0,concede,1,188,1
t-382,2023,igualdad,persona_natural,1,76,agente_oficioso,privada,otro,0,1,1,0,1,0,0,1,1,1,1,1,1,0,0,0,concede,1,,1
t-026,2025,igualdad,persona_natural,1,65,agente_oficioso,,salud,1,0,0,0,1,1,0,1,0,1,1,1,1,0,1,0,niega,1,240,1
t-173,2022,igualdad,persona_natural,1,,directo,privada,educacion,0,0,0,0,1,1,0,1,1,1,1,1,1,0,0,1,niega,1,8,1
t-072,2022,igualdad,persona_natural,1,,apoderado,publica,otro,0,0,1,0,1,0,0,1,1,1,1,1,0,0,0,1,niega,1,180,1
t-251,2025,igualdad,persona_natural,1,37,directo,publica,otro,0,0,1,0,1,1,0,1,1,1,1,1,1,1,1,1,concede,1,,1
t-529,2024,igualdad,persona_natural,1,14,directo,privada,educacion,0,0,1,0,1,0,0,1,1,1,1,1,1,0,1,1,concede,1,42,1
t-394,1998,igualdad,persona_natural,0,,directo,privada,otro,0,0,0,0,1,1,1,1,0,1,1,1,0,0,0,0,niega,1,,1
t-427,2001,igualdad,persona_natural,0,,apoderado,privada,otro,0,0,0,0,1,1,1,1,0,0,1,1,0,0,0,1,improcedente,0,,0
t-843,2009,igualdad,persona_natural,0,,directo,publica,otro,0,0,1,0,1,1,0,1,0,1,1,1,1,1,0,1,concede,1,15,1
t-659,2010,igualdad,persona_natural,1,40,directo,privada,educacion,0,0,0,0,1,0,0,1,0,1,1,1,0,0,0,1,niega,1,,1
t-580,1998,igualdad,persona_natural,1,17,representante_legal,privada,educacion,0,0,0,0,1,0,0,1,1,1,1,1,1,0,0,1,concede,1,,1
t-527,2024,igualdad,persona_natural,1,,directo,publica,otro,0,0,0,0,1,1,0,1,1,1,1,1,1,0,0,1,concede,1,4,1
t-030,2011,igualdad,persona_natural,1,76,directo,publica,otro,0,1,1,0,1,0,0,1,1,1,1,1,1,1,0,1,concede,1,150,1
t-362,2005,igualdad,persona_juridica,0,,representante_legal,publica,salud,0,0,0,0,1,1,1,0,0,0,0,1,0,0,0,1,niega,0,,1
t-003,1997,igualdad,persona_natural,0,,directo,publica,educacion,0,0,0,0,1,0,0,1,0,1,1,1,0,0,0,1,niega,1,13,1
t-337,2005,igualdad,persona_juridica,0,,representante_legal,publica,otro,0,0,1,0,1,1,1,1,0,0,1,1,0,0,0,1,niega,0,30,1
t-1072,2000,igualdad,persona_natural,1,,directo,publica,otro,0,0,1,0,1,0,0,1,1,1,1,1,1,0,0,1,concede,1,41,1
t-143,1996,igualdad,persona_natural,0,,representante_legal,publica,administrativo,0,0,1,0,1,1,1,1,0,1,1,1,0,0,0,1,improcedente,0,210,1
t-569,2011,igualdad,persona_natural,0,,directo,publica,otro,0,0,1,0,1,1,0,1,0,1,1,1,1,0,0,1,concede,1,27,1
t-140,2009,igualdad,persona_natural,1,1,representante_legal,privada,salud,1,0,0,1,1,1,0,1,1,1,1,1,0,0,1,1,niega,0,15,1
t-441,1997,igualdad,persona_natural,0,,directo,publica,educacion,0,0,0,0,1,1,0,1,1,1,1,1,1,0,0,1,concede,1,,1
t-133,2025,igualdad,persona_natural,1,11,representante_legal,privada,educacion,0,0,0,0,1,0,0,1,1,1,1,1,1,0,0,1,niega,1,5,1
